,loss,categorical_accuracy,val_loss,val_categorical_accuracy
0,9.685967688560487,0.11281249672174454,33.67710990905762,0.10999999940395355
1,5.894916715621949,0.10374999791383743,21.810507888793946,0.10999999940395355
